FID,Type,Code,Lithology,Altitude,Slope,Total curvature,Aspect,Distance to road,Distance to stream,Slope length,TWI,STI
0,slide,1,1,1,2,1,7,1,5,2,4,1
1,slide,1,1,1,3,1,4,2,2,2,5,1
2,slide,1,1,1,2,3,7,1,1,1,3,0
3,slide,1,1,1,3,1,10,1,2,2,4,0
4,slide,1,1,1,3,1,10,1,4,3,5,0
5,slide,1,1,2,2,1,6,1,4,2,4,0
6,slide,1,1,1,2,2,5,1,3,1,5,0
7,slide,1,7,2,3,1,4,2,4,2,4,1
8,slide,1,7,2,3,3,3,2,2,1,0,1
9,slide,1,7,1,3,2,10,3,1,1,3,1
10,slide,1,1,1,2,1,9,2,1,1,6,0
11,slide,1,1,1,2,3,8,1,1,1,4,0
12,slide,1,1,1,3,3,10,1,3,2,0,0
13,slide,1,1,1,1,1,4,1,3,1,2,2
14,slide,1,1,1,3,3,5,2,1,3,5,1
15,slide,1,1,1,1,1,5,1,2,1,3,0
16,slide,1,7,1,3,3,6,2,1,1,0,1
17,slide,1,1,1,2,3,5,1,1,1,0,1
18,slide,1,1,1,2,1,6,1,2,1,2,0
19,slide,1,1,1,2,3,9,1,2,1,0,0
20,slide,1,1,1,2,3,4,1,1,1,0,1
21,slide,1,1,1,1,1,9,1,2,1,2,1
22,slide,1,1,1,2,2,2,1,3,1,0,1
23,slide,1,7,2,3,1,4,2,1,2,4,1
24,slide,1,7,2,4,3,7,1,1,2,2,1
25,slide,1,1,1,2,3,6,1,2,2,0,1
26,slide,1,1,1,1,1,5,1,5,1,5,0
27,slide,1,1,1,1,1,9,1,1,1,3,0
28,slide,1,1,1,3,3,4,1,2,1,0,0
29,slide,1,1,1,1,2,8,2,2,1,0,0
30,slide,1,1,1,2,1,3,1,1,2,0,2
31,slide,1,1,1,1,1,5,1,6,1,3,0
32,slide,1,7,2,2,1,9,2,3,1,0,0
33,slide,1,1,1,3,2,7,2,2,1,0,0
34,slide,1,1,1,1,3,6,1,4,1,2,1
35,slide,1,1,1,2,3,9,1,3,1,0,0
36,slide,1,7,2,3,1,6,1,4,2,5,1
37,slide,1,1,1,1,2,1,1,3,1,0,1
38,slide,1,1,2,3,1,4,1,3,2,0,0
39,slide,1,7,2,2,1,6,1,3,1,0,1
40,slide,1,1,1,1,1,10,2,2,1,5,0
41,nonslide,0,1,2,2,1,5,1,3,1,0,1
42,nonslide,0,7,2,3,1,7,1,3,3,5,2
43,nonslide,0,1,2,3,3,7,1,3,1,0,0
44,nonslide,0,1,2,2,3,8,1,4,2,0,1
45,nonslide,0,1,2,3,2,9,1,3,2,0,0
46,nonslide,0,7,2,1,2,8,1,4,1,0,2
47,nonslide,0,1,2,4,1,6,1,3,3,0,1
48,nonslide,0,1,2,2,1,8,1,3,1,0,0
49,nonslide,0,1,2,2,1,7,1,3,1,2,0
50,nonslide,0,7,2,3,1,8,1,3,2,0,0
51,nonslide,0,1,1,2,3,6,1,1,1,0,0
52,nonslide,0,1,1,3,1,7,1,1,2,0,0
53,nonslide,0,1,1,4,2,8,1,2,1,0,1
54,nonslide,0,1,2,1,3,10,1,5,1,0,1
55,nonslide,0,1,2,2,3,7,1,4,2,2,0
56,nonslide,0,1,2,1,2,10,1,4,1,0,1
57,nonslide,0,1,2,3,3,7,1,3,2,0,1
58,nonslide,0,1,2,3,3,7,1,4,2,0,0
59,nonslide,0,1,2,3,1,8,1,3,2,4,0
60,nonslide,0,1,1,1,3,10,1,4,1,3,0
61,nonslide,0,1,1,2,3,7,1,4,1,0,0
62,nonslide,0,1,1,1,1,8,1,4,1,0,1
63,nonslide,0,1,1,2,3,9,1,4,2,0,2
64,nonslide,0,1,1,2,2,7,1,4,1,3,1
65,nonslide,0,1,2,3,3,8,1,3,2,4,1
66,nonslide,0,1,2,2,1,7,1,3,2,4,0
67,nonslide,0,1,2,2,3,7,1,3,2,0,1
68,nonslide,0,7,2,4,1,7,1,3,2,3,1
69,nonslide,0,7,2,3,1,5,1,2,2,0,0
70,nonslide,0,1,2,2,3,4,1,4,1,2,1
71,nonslide,0,1,2,1,1,2,1,3,1,0,0
72,nonslide,0,1,1,3,3,3,1,4,2,4,0
73,nonslide,0,1,1,2,1,8,1,4,2,5,0
74,nonslide,0,1,1,1,1,7,1,4,1,0,1
75,nonslide,0,1,1,3,3,3,1,2,1,0,0
76,nonslide,0,1,1,1,2,9,1,3,1,1,1
77,nonslide,0,1,2,3,1,7,1,3,1,0,0
78,nonslide,0,1,1,1,1,10,1,3,1,0,1
79,nonslide,0,1,1,2,3,9,1,4,1,3,0
80,nonslide,0,1,1,2,1,3,1,3,1,6,0
81,nonslide,0,1,2,3,3,7,1,4,2,4,1
82,nonslide,0,1,1,1,1,6,1,4,1,0,1
83,nonslide,0,1,1,2,1,2,1,4,2,0,0
84,nonslide,0,1,1,2,1,8,1,4,2,5,0
85,nonslide,0,1,1,2,3,8,1,3,2,4,1
86,nonslide,0,1,1,3,1,8,1,3,2,3,0
87,nonslide,0,1,1,1,2,8,1,3,1,4,1
88,nonslide,0,1,1,1,2,9,1,2,1,3,1
89,nonslide,0,1,1,1,2,9,1,3,1,1,1
90,nonslide,0,1,2,1,1,7,1,4,1,5,0
91,nonslide,0,1,2,3,3,7,1,4,2,4,1
92,nonslide,0,1,2,2,3,2,1,4,1,3,1
93,nonslide,0,1,2,2,1,8,1,3,1,0,0
94,nonslide,0,1,2,3,3,8,1,2,1,3,0
95,nonslide,0,1,2,3,3,6,1,3,1,0,0
96,nonslide,0,1,1,1,3,10,1,4,1,0,0
97,nonslide,0,7,3,4,3,6,1,4,2,0,1
98,nonslide,0,7,2,3,3,9,1,3,1,0,0
99,nonslide,0,7,2,3,1,7,1,4,2,1,0
100,nonslide,0,1,2,1,3,7,1,3,1,0,0
101,nonslide,0,7,2,3,1,8,1,3,2,4,0
102,nonslide,0,7,2,1,3,9,1,3,1,0,0
103,nonslide,0,7,2,5,3,8,1,3,3,4,0
104,nonslide,0,1,2,1,1,2,1,4,1,0,0
105,nonslide,0,1,1,1,1,8,1,4,1,0,0
106,nonslide,0,1,1,1,2,9,1,2,1,3,1
107,nonslide,0,1,2,3,3,9,1,3,1,0,0
108,nonslide,0,7,3,3,1,7,1,4,2,2,1
109,nonslide,0,7,3,2,1,8,1,4,2,0,1
110,nonslide,0,7,2,3,1,7,1,4,2,0,1
111,nonslide,0,7,2,3,1,7,1,5,3,0,0
112,nonslide,0,1,2,3,1,8,1,3,2,4,1
113,nonslide,0,1,2,3,1,7,1,3,3,5,0
114,nonslide,0,7,2,3,1,7,1,4,2,0,1
115,nonslide,0,1,2,1,3,6,1,3,1,0,1
116,nonslide,0,1,1,2,2,4,1,2,1,2,0
117,nonslide,0,7,2,3,3,5,1,3,2,3,0
118,nonslide,0,7,2,2,2,5,1,3,1,0,0
119,nonslide,0,7,3,2,1,6,1,3,2,4,0
120,slide,1,7,3,4,1,10,1,2,2,5,0
121,slide,1,1,1,4,2,3,1,1,2,5,0
122,slide,1,7,1,4,1,4,3,2,2,0,0
123,slide,1,7,2,5,1,7,1,2,3,0,1
124,slide,1,1,2,4,3,6,2,3,1,0,1
125,slide,1,1,1,3,1,2,2,3,3,4,2
126,slide,1,1,2,3,3,5,3,3,2,0,1
127,slide,1,7,2,2,3,6,2,2,1,2,0
128,slide,1,1,2,3,3,6,1,1,2,0,1
129,slide,1,1,3,4,3,5,1,3,3,0,0
130,slide,1,7,1,4,3,8,2,1,4,0,0
131,slide,1,7,3,2,1,9,2,4,3,6,0
132,slide,1,1,2,4,3,6,3,1,3,3,0
133,slide,1,7,1,4,1,8,1,1,3,0,0
134,slide,1,1,1,4,1,6,3,1,2,3,1
135,slide,1,1,2,2,2,2,1,4,1,2,0
136,slide,1,1,2,1,1,9,1,1,2,0,2
137,slide,1,7,2,1,3,4,1,4,1,2,1
138,slide,1,7,2,4,1,6,2,1,3,5,0
139,slide,1,7,3,2,3,10,2,1,1,0,0
140,slide,1,1,2,4,1,8,4,1,5,2,3
141,slide,1,1,3,4,1,2,1,3,2,2,0
142,slide,1,8,3,4,3,5,1,3,1,3,0
143,slide,1,3,3,2,1,7,1,1,1,3,1
144,slide,1,1,2,2,1,6,1,4,2,2,0
145,slide,1,1,3,3,3,4,1,4,2,0,1
146,slide,1,1,2,3,1,4,4,3,2,2,0
147,slide,1,1,3,1,2,4,1,5,1,2,0
148,slide,1,1,1,2,2,2,2,1,2,5,0
149,slide,1,1,2,4,1,7,3,3,2,0,0
150,slide,1,3,4,3,3,3,1,5,2,0,0
151,slide,1,7,1,4,3,2,3,2,2,0,0
152,slide,1,7,4,3,3,6,2,5,1,0,0
153,slide,1,7,2,3,1,8,1,3,2,0,1
154,slide,1,7,3,2,1,3,1,3,2,0,0
155,slide,1,1,3,2,1,5,1,5,2,3,1
156,slide,1,7,3,1,1,6,2,2,1,3,1
157,slide,1,7,3,2,1,9,1,3,3,0,0
158,slide,1,1,2,4,1,5,2,1,2,3,0
159,slide,1,1,1,4,1,5,3,1,3,3,2
160,slide,1,1,2,3,1,4,1,4,2,0,1
161,slide,1,1,1,4,3,3,3,1,3,0,0
162,slide,1,7,2,3,3,8,1,3,1,3,1
163,slide,1,1,2,3,3,5,3,1,2,3,1
164,slide,1,7,2,3,1,5,2,1,2,0,0
165,slide,1,7,2,4,3,6,2,1,2,0,0
166,slide,1,1,2,2,3,9,2,2,1,0,0
167,slide,1,1,2,3,3,8,2,3,2,2,1
168,slide,1,1,2,4,3,5,2,2,2,0,1
169,slide,1,1,1,4,1,9,2,1,2,0,1
170,slide,1,1,3,5,3,5,3,1,2,0,0
171,slide,1,1,1,1,2,10,2,1,1,0,0
172,slide,1,7,4,3,3,8,1,5,2,3,1
173,slide,1,1,1,3,1,5,1,2,2,0,1
174,slide,1,7,2,4,1,5,2,3,2,3,0
175,slide,1,1,2,3,1,7,3,2,2,0,0
176,slide,1,1,1,4,1,8,1,1,2,3,0
177,slide,1,1,2,2,3,10,1,2,1,0,0
178,slide,1,1,2,2,1,6,4,1,1,4,1
179,slide,1,1,2,2,1,5,1,1,1,4,1
180,slide,1,1,2,4,1,10,2,3,4,0,0
181,slide,1,7,2,5,3,6,1,1,3,4,1
182,slide,1,7,2,3,3,5,2,4,3,4,0
183,slide,1,1,2,3,3,3,2,1,1,0,1
184,slide,1,1,2,4,1,6,1,2,4,5,3
185,slide,1,1,2,3,3,9,3,4,2,0,1
186,slide,1,1,1,3,3,9,3,2,1,2,0
187,slide,1,1,2,4,3,2,2,3,2,3,1
188,slide,1,1,1,3,3,8,1,2,4,6,2
189,slide,1,1,1,3,1,6,2,2,2,0,0
190,slide,1,1,2,1,1,2,1,3,1,0,0
191,slide,1,1,2,2,1,8,4,1,1,0,1
192,slide,1,7,3,2,3,10,3,4,1,2,0
193,slide,1,1,2,4,1,6,1,3,2,0,0
194,slide,1,1,2,3,1,4,1,2,2,0,0
195,slide,1,7,2,4,1,6,1,1,3,0,1
196,slide,1,1,1,3,1,3,2,1,5,6,0
197,slide,1,7,2,2,3,3,2,2,2,3,0
198,slide,1,1,1,4,3,6,3,2,2,2,1
199,slide,1,1,2,2,3,7,1,5,1,0,1
200,slide,1,1,2,3,1,7,3,2,2,4,0
201,slide,1,1,3,2,1,9,1,4,2,0,0
202,slide,1,1,1,1,3,4,1,1,1,4,2
203,slide,1,1,1,3,2,7,4,4,2,3,1
204,slide,1,7,3,3,3,7,2,1,2,3,1
205,slide,1,7,3,3,3,7,1,3,1,0,0
206,slide,1,7,3,2,1,6,3,3,4,0,3
207,slide,1,1,1,2,1,3,1,1,5,6,0
208,slide,1,7,4,3,1,8,2,4,4,0,0
209,slide,1,1,3,4,3,10,1,3,2,3,1
210,slide,1,8,3,2,1,7,2,4,2,0,0
211,slide,1,1,2,3,3,5,2,3,2,0,0
212,slide,1,7,2,4,3,7,2,1,2,0,0
213,slide,1,3,3,2,3,3,1,1,1,0,1
214,slide,1,7,2,4,1,6,2,3,3,4,0
215,slide,1,1,2,3,1,8,3,1,1,2,0
216,slide,1,1,1,3,1,5,1,2,2,0,1
217,slide,1,1,2,3,1,3,1,3,3,4,0
218,slide,1,7,2,3,2,8,2,3,1,4,1
219,slide,1,1,2,2,3,9,3,2,1,2,0
220,slide,1,7,3,4,1,6,1,1,2,3,0
221,slide,1,7,2,1,3,6,2,1,1,0,1
222,slide,1,7,2,4,3,5,1,1,2,0,1
223,slide,1,1,1,3,1,8,1,1,2,0,0
224,slide,1,1,1,3,1,10,2,1,2,5,0
225,slide,1,1,2,3,3,7,3,4,1,0,1
226,slide,1,7,2,4,1,10,1,1,3,0,0
227,slide,1,1,1,2,3,4,3,2,1,0,1
228,slide,1,1,2,4,2,2,1,2,2,2,1
229,slide,1,1,2,3,1,5,1,2,1,0,0
230,slide,1,1,2,3,1,3,1,1,1,0,0
231,slide,1,1,3,4,1,7,1,4,3,2,1
232,slide,1,1,2,3,1,3,1,4,2,0,0
233,slide,1,1,2,3,1,6,1,1,3,0,2
234,slide,1,1,2,3,3,2,1,3,3,0,2
235,slide,1,1,2,3,1,7,1,2,2,0,0
236,slide,1,1,1,3,1,4,2,2,2,4,0
237,slide,1,1,2,2,2,6,4,4,1,1,0
238,slide,1,7,2,2,1,8,2,3,1,0,0
239,slide,1,7,2,3,1,6,1,2,2,3,1
240,slide,1,1,1,3,1,10,3,3,2,3,1
241,slide,1,7,3,3,1,6,1,4,2,0,0
242,slide,1,7,2,2,3,4,1,1,2,6,1
243,slide,1,1,2,4,1,8,1,3,2,3,0
244,slide,1,1,1,4,3,5,2,1,1,0,0
245,slide,1,1,2,3,3,9,1,3,2,0,0
246,slide,1,3,1,3,3,7,1,1,2,0,0
247,slide,1,3,3,2,3,4,1,3,1,3,0
248,slide,1,1,2,3,2,2,1,4,2,0,1
249,slide,1,1,1,2,3,4,2,1,2,2,0
250,slide,1,1,2,2,1,2,1,2,2,4,0
251,slide,1,1,2,3,3,2,2,3,2,4,1
252,slide,1,1,1,4,1,8,1,2,3,0,0
253,slide,1,7,2,3,3,4,1,1,1,2,1
254,slide,1,7,2,3,3,9,2,2,3,0,0
255,slide,1,1,2,3,3,3,1,2,2,4,1
256,slide,1,7,3,3,1,7,2,3,2,0,1
257,slide,1,1,3,3,3,4,3,1,2,2,0
258,slide,1,3,2,4,1,6,1,1,4,0,1
259,slide,1,7,2,3,3,4,1,4,1,2,1
260,slide,1,7,2,2,3,9,1,1,1,0,0
261,slide,1,1,3,4,1,5,1,2,3,5,0
262,slide,1,1,1,3,1,8,2,1,2,2,1
263,slide,1,1,2,2,2,3,3,3,1,0,1
264,slide,1,1,2,3,1,8,1,2,2,0,0
265,slide,1,7,2,4,1,6,1,1,4,0,0
266,slide,1,1,3,4,1,4,3,4,2,0,1
267,slide,1,1,2,2,1,8,2,5,2,0,0
268,slide,1,1,2,3,3,3,1,1,2,3,1
269,slide,1,1,2,1,1,2,1,2,1,5,0
270,slide,1,7,2,4,3,9,2,2,3,0,0
271,slide,1,1,3,2,1,2,2,4,2,6,0
272,slide,1,1,2,3,1,9,1,2,2,2,0
273,slide,1,1,2,2,1,7,2,1,2,0,0
274,slide,1,7,3,1,3,9,1,5,1,0,1
275,slide,1,7,2,4,3,8,1,1,2,2,0
276,slide,1,7,3,2,1,8,1,4,2,6,1
277,slide,1,1,2,2,1,9,1,3,2,0,1
278,slide,1,1,2,2,3,5,4,3,1,3,0
279,slide,1,7,3,3,3,7,1,3,2,2,1
280,slide,1,7,3,4,1,10,1,2,3,3,2
281,slide,1,1,1,2,3,8,2,2,1,0,0
282,slide,1,7,2,2,3,3,1,3,1,0,1
283,slide,1,1,2,4,3,7,2,5,2,3,1
284,slide,1,7,2,3,1,7,2,2,3,5,1
285,slide,1,7,3,3,3,3,1,3,2,0,1
286,slide,1,7,3,1,1,5,1,3,1,0,1
287,slide,1,1,1,3,1,6,1,4,2,3,0
288,nonslide,0,3,3,4,1,8,1,5,3,0,1
289,nonslide,0,3,3,2,1,6,1,5,2,0,1
290,nonslide,0,3,3,4,1,6,1,5,2,0,1
291,nonslide,0,3,3,3,3,7,1,5,2,0,0
292,nonslide,0,3,3,3,1,7,1,5,2,3,0
293,nonslide,0,3,3,4,1,7,1,5,2,2,1
294,nonslide,0,3,3,4,1,7,1,5,3,3,2
295,nonslide,0,3,3,4,1,6,1,5,2,2,0
296,slide,1,1,1,4,3,3,1,4,1,0,1
297,slide,1,1,1,3,1,8,3,2,3,5,1
298,slide,1,7,3,2,3,3,3,2,1,0,1
299,slide,1,1,3,3,1,8,3,4,2,0,0
300,slide,1,7,2,3,1,9,4,1,2,4,1
301,slide,1,7,3,4,3,6,2,1,2,0,0
302,slide,1,1,2,2,3,2,4,1,1,0,0
303,slide,1,1,1,1,2,3,1,2,1,0,1
304,slide,1,7,3,3,1,5,2,2,2,5,1
305,slide,1,7,2,3,3,2,4,2,3,0,1
306,slide,1,1,3,4,3,5,4,3,1,3,0
307,slide,1,1,2,2,1,8,3,1,3,5,0
308,slide,1,1,1,3,1,5,1,2,2,4,0
309,slide,1,1,1,3,3,7,2,2,2,0,0
310,slide,1,7,2,3,1,8,4,2,2,3,0
311,slide,1,3,4,2,3,2,1,4,2,4,1
312,slide,1,1,2,4,1,6,4,2,2,0,1
313,slide,1,3,3,2,2,10,1,1,1,0,0
314,slide,1,7,3,3,3,7,2,4,1,0,1
315,slide,1,1,2,4,1,5,2,4,3,0,1
316,slide,1,7,2,4,3,4,2,4,3,0,2
317,slide,1,7,3,4,3,4,2,1,1,0,1
318,slide,1,1,1,1,3,7,2,2,1,0,0
319,slide,1,3,3,4,3,9,4,3,3,5,0
320,slide,1,1,1,2,1,7,2,2,1,0,0
321,slide,1,1,3,3,1,4,3,1,2,0,1
322,slide,1,1,1,4,1,6,1,1,3,0,1
323,slide,1,1,1,4,3,6,4,1,2,2,0
324,slide,1,1,2,4,1,7,4,1,2,0,1
325,slide,1,1,2,1,1,8,4,3,2,5,3
326,slide,1,7,3,3,1,7,4,2,2,0,0
327,slide,1,1,1,3,1,3,2,1,1,0,0
328,slide,1,1,2,1,1,9,2,2,1,4,1
329,slide,1,7,2,3,1,9,3,2,4,5,3
330,slide,1,1,2,3,1,7,1,5,2,0,0
331,slide,1,3,2,2,1,2,2,2,2,0,0
332,slide,1,1,1,3,3,7,2,2,4,5,0
333,slide,1,1,2,3,3,9,4,1,1,0,0
334,slide,1,1,2,3,3,8,2,3,2,4,0
335,slide,1,1,2,4,3,4,1,3,2,0,1
336,slide,1,7,3,3,3,8,5,2,4,4,0
337,slide,1,7,2,3,3,7,3,4,3,0,1
338,slide,1,1,2,3,1,2,3,2,2,0,0
339,slide,1,3,3,1,2,3,1,1,1,0,1
340,slide,1,7,2,3,3,9,4,2,2,0,1
341,slide,1,1,2,1,1,4,3,1,2,0,3
342,slide,1,7,3,2,3,5,2,3,1,0,1
343,slide,1,7,2,3,1,5,4,2,3,0,0
344,slide,1,1,3,4,3,7,4,4,1,0,1
345,slide,1,1,3,2,1,9,4,5,2,0,0
346,slide,1,1,3,2,3,10,3,2,1,0,1
347,slide,1,1,3,4,3,7,4,1,2,0,0
348,slide,1,1,2,1,3,4,4,3,1,2,1
349,slide,1,7,2,3,2,3,3,3,2,0,0
350,slide,1,1,2,4,1,6,4,2,3,0,1
351,slide,1,1,2,4,3,4,4,4,3,0,1
352,slide,1,7,3,3,1,6,2,3,2,0,0
353,slide,1,1,1,3,1,9,4,2,3,0,0
354,slide,1,1,2,2,1,7,1,5,2,0,1
355,slide,1,1,3,3,1,3,4,5,2,4,0
356,slide,1,1,3,3,3,9,3,4,1,0,0
357,slide,1,1,3,4,1,7,3,1,6,0,0
358,slide,1,1,2,2,2,2,3,1,3,6,1
359,slide,1,1,1,4,3,5,1,3,2,0,0
360,slide,1,1,2,4,3,4,5,3,2,3,1
361,slide,1,1,2,2,1,9,3,3,2,5,0
362,slide,1,7,2,3,1,6,3,1,2,0,1
363,slide,1,1,3,4,1,2,3,3,2,3,0
364,slide,1,1,2,4,3,9,4,2,2,3,0
365,slide,1,7,2,3,3,10,3,2,1,0,0
366,slide,1,1,2,3,1,7,4,1,2,0,1
367,slide,1,1,3,3,1,4,3,3,3,0,0
368,slide,1,1,3,4,1,6,3,1,3,3,0
369,slide,1,7,2,4,1,6,2,1,2,3,1
370,slide,1,1,1,3,1,6,3,3,2,4,0
371,slide,1,3,3,2,1,2,1,5,3,0,1
372,slide,1,1,1,1,3,4,2,3,1,0,1
373,slide,1,1,2,4,1,5,3,3,3,0,0
374,slide,1,3,3,2,1,3,1,4,1,3,0
375,slide,1,1,2,4,1,3,2,3,3,0,0
376,slide,1,1,2,2,1,2,4,2,2,5,1
377,slide,1,1,1,3,2,3,3,2,2,0,0
378,slide,1,1,1,3,1,7,2,4,3,0,2
379,slide,1,1,1,3,3,8,2,4,1,0,1
380,slide,1,7,2,3,3,7,4,3,2,0,0
381,slide,1,7,2,3,3,9,3,3,2,0,1
382,slide,1,1,2,3,3,9,4,3,1,2,0
383,slide,1,1,2,3,1,4,4,1,1,0,1
384,slide,1,1,1,2,3,5,1,1,1,2,0
385,slide,1,8,3,2,3,7,1,3,2,0,1
386,slide,1,8,2,1,2,3,1,2,1,0,0
387,slide,1,8,4,1,2,1,3,5,1,0,1
388,slide,1,1,1,2,1,8,2,1,1,0,1
389,slide,1,1,1,3,3,6,3,3,2,0,1
390,slide,1,8,2,5,1,7,1,1,2,0,1
391,slide,1,8,3,3,3,10,1,1,3,0,0
392,slide,1,8,2,4,2,8,2,1,2,2,0
393,slide,1,7,1,3,3,4,3,1,1,0,0
394,slide,1,7,2,3,1,5,1,4,2,4,1
395,slide,1,8,2,3,1,7,1,1,2,3,1
396,slide,1,8,3,4,3,8,4,2,4,0,3
397,slide,1,8,3,2,3,10,4,2,2,0,1
398,slide,1,1,1,3,1,7,3,2,1,0,1
399,slide,1,8,5,2,1,7,3,3,1,0,0
400,slide,1,7,2,3,2,5,1,2,1,4,0
401,slide,1,8,4,3,1,3,4,5,1,5,0
402,slide,1,8,3,2,1,2,1,4,1,0,0
403,slide,1,7,3,1,1,9,2,5,1,0,1
404,slide,1,7,2,2,3,3,1,2,1,3,1
405,slide,1,7,2,2,1,2,1,5,1,1,1
406,slide,1,8,2,3,3,8,4,2,1,2,0
407,slide,1,8,3,3,3,8,2,3,2,2,0
408,slide,1,7,1,3,3,9,1,1,2,0,0
409,slide,1,8,3,3,3,7,3,1,2,0,1
410,slide,1,7,1,2,2,7,4,1,1,3,0
411,slide,1,8,3,4,3,5,3,4,1,0,1
412,slide,1,8,3,1,1,9,1,3,1,2,1
413,slide,1,7,2,3,1,6,2,3,3,5,0
414,slide,1,8,2,3,1,7,1,1,2,3,0
415,slide,1,8,3,3,2,2,1,3,1,3,1
416,slide,1,8,2,3,1,5,2,3,5,0,0
417,slide,1,8,4,4,3,9,3,3,3,0,1
418,slide,1,8,2,3,1,9,1,2,3,4,0
419,slide,1,8,3,3,1,5,2,1,2,0,0
420,slide,1,8,3,3,1,10,3,2,3,0,0
421,slide,1,8,3,2,3,8,3,1,4,0,0
422,slide,1,8,3,3,3,5,2,1,3,0,0
423,slide,1,3,3,4,1,7,3,3,2,0,1
424,slide,1,8,4,2,2,8,3,3,1,2,1
425,slide,1,8,2,3,3,10,1,3,3,0,2
426,slide,1,3,2,2,1,2,2,4,1,0,1
427,slide,1,8,2,4,1,5,3,1,2,0,1
428,slide,1,8,4,4,1,8,3,4,2,2,0
429,slide,1,4,4,1,1,10,3,2,1,0,1
430,slide,1,8,4,3,1,3,4,3,2,3,0
431,slide,1,8,3,2,1,3,2,1,1,3,0
432,slide,1,8,2,4,3,5,1,1,3,0,1
433,slide,1,1,1,2,1,8,1,2,1,0,0
434,slide,1,8,3,3,1,2,2,3,2,4,1
435,slide,1,8,3,1,2,7,2,2,1,0,0
436,slide,1,3,2,4,3,2,1,5,3,5,0
437,slide,1,7,2,3,1,2,3,3,1,2,0
438,slide,1,7,2,3,1,5,1,1,3,5,0
439,slide,1,8,2,3,3,7,1,1,2,2,0
440,slide,1,8,2,3,3,4,1,1,1,0,1
441,slide,1,7,2,2,3,2,1,4,1,4,0
442,slide,1,7,1,4,1,8,1,1,2,0,0
443,slide,1,8,3,3,1,9,2,2,3,5,1
444,slide,1,8,2,3,1,8,1,3,1,2,0
445,slide,1,1,1,2,1,8,3,2,2,5,1
446,slide,1,8,4,3,3,8,3,5,1,0,0
447,slide,1,7,2,4,3,7,1,2,2,2,0
448,slide,1,7,2,3,2,4,3,2,2,3,1
449,slide,1,8,3,1,1,2,2,3,1,2,1
450,slide,1,8,3,3,1,6,1,4,2,4,1
451,slide,1,8,2,3,1,5,1,2,2,0,1
452,slide,1,8,4,3,1,6,2,4,2,0,0
453,slide,1,8,3,2,3,7,4,1,1,0,1
454,slide,1,3,2,3,3,5,3,1,2,0,0
455,slide,1,8,2,2,3,4,3,1,3,0,2
456,slide,1,4,5,2,1,4,4,3,2,4,0
457,slide,1,8,3,4,1,3,1,3,3,0,0
458,slide,1,8,3,3,2,9,2,5,1,0,0
459,slide,1,7,2,4,3,7,2,2,2,4,0
460,slide,1,8,2,3,1,4,1,1,2,5,1
461,slide,1,8,3,3,1,2,2,3,3,0,0
462,slide,1,8,4,2,3,5,3,4,1,0,0
463,slide,1,7,2,2,1,5,1,2,2,0,0
464,slide,1,8,4,2,3,3,4,1,1,2,0
465,slide,1,8,2,1,2,8,2,2,1,0,0
466,slide,1,8,2,1,3,8,1,1,1,0,1
467,slide,1,8,3,2,3,4,1,3,2,3,1
468,slide,1,7,2,2,3,5,1,2,1,2,0
469,slide,1,8,3,3,2,9,3,3,2,0,0
470,slide,1,8,3,4,3,8,3,1,2,0,1
471,slide,1,7,2,3,1,7,2,3,2,0,0
472,slide,1,1,1,4,3,7,1,1,2,3,0
473,slide,1,8,3,2,2,4,2,3,1,5,0
474,slide,1,8,2,1,3,6,1,1,1,0,1
475,slide,1,8,3,4,1,8,1,4,2,3,1
476,slide,1,8,2,3,1,8,1,1,3,5,1
477,slide,1,8,2,2,3,8,2,5,1,0,1
478,slide,1,8,3,3,1,3,3,3,1,0,0
479,slide,1,8,2,2,3,2,1,2,2,3,0
480,slide,1,3,1,3,1,6,2,1,3,4,1
481,slide,1,8,3,3,1,9,4,2,1,0,1
482,slide,1,8,3,4,1,6,2,4,3,0,1
483,slide,1,8,3,3,1,5,1,2,2,4,1
484,slide,1,1,1,3,1,3,1,1,4,5,2
485,slide,1,8,2,2,2,8,1,2,2,2,0
486,slide,1,8,3,2,1,8,2,4,1,0,0
487,slide,1,1,2,4,3,7,1,3,3,0,1
488,slide,1,8,3,3,1,9,1,3,2,2,1
489,slide,1,8,2,3,1,2,2,1,2,4,0
490,slide,1,8,2,2,2,10,1,2,2,6,0
491,slide,1,8,4,3,3,10,3,4,1,0,0
492,slide,1,8,3,2,3,4,2,2,1,1,0
493,slide,1,8,2,3,1,8,2,1,2,5,1
494,slide,1,8,3,3,1,7,1,4,3,6,1
495,slide,1,7,2,1,1,5,1,3,1,4,1
496,slide,1,3,1,4,1,4,2,1,2,3,0
497,slide,1,8,2,4,1,8,4,1,3,4,0
498,slide,1,7,2,2,3,3,2,3,1,0,1
499,slide,1,8,3,3,1,9,2,1,2,4,1
500,slide,1,8,2,2,1,3,3,1,2,0,1
501,slide,1,8,2,3,2,6,2,1,2,0,0
502,slide,1,8,3,4,3,9,2,1,3,4,2
503,slide,1,8,3,2,2,8,2,1,1,0,0
504,slide,1,1,1,3,1,9,1,2,2,4,1
505,slide,1,8,2,3,1,5,1,3,1,0,0
506,slide,1,8,2,3,3,7,1,1,1,1,0
507,slide,1,8,2,2,3,7,1,2,2,4,2
508,slide,1,1,1,2,1,6,3,4,1,2,1
509,slide,1,8,2,2,1,6,1,1,2,3,0
510,slide,1,8,3,3,3,10,2,1,1,3,0
511,slide,1,8,2,3,3,4,1,2,2,2,1
512,slide,1,3,3,2,3,5,3,4,1,0,0
513,slide,1,8,3,3,1,3,1,4,2,0,0
514,slide,1,8,3,2,1,7,3,5,1,0,0
515,slide,1,7,1,2,1,3,1,2,1,0,1
516,slide,1,8,3,3,3,6,2,4,2,0,1
517,slide,1,3,2,4,1,3,2,4,3,5,1
518,slide,1,8,3,3,3,3,2,2,1,0,1
519,slide,1,8,3,3,1,7,2,5,1,0,0
520,slide,1,7,2,2,2,10,1,3,2,4,1
521,slide,1,8,4,1,2,4,3,4,1,0,0
522,slide,1,8,3,4,3,4,3,3,2,2,1
523,slide,1,8,4,2,3,2,3,4,1,2,0
524,slide,1,1,1,3,3,8,1,2,2,4,1
525,slide,1,8,2,3,1,4,1,1,2,3,1
526,slide,1,8,3,4,3,6,3,1,3,0,1
527,slide,1,8,3,2,3,8,4,2,1,1,1
528,slide,1,8,4,1,3,6,3,5,1,0,0
529,slide,1,8,2,2,3,4,1,1,2,3,1
530,slide,1,8,3,4,3,7,3,3,2,0,0
531,slide,1,8,4,3,1,5,4,1,3,0,0
532,slide,1,7,2,4,1,7,2,4,3,4,0
533,slide,1,8,3,3,3,5,1,5,1,0,0
534,slide,1,8,4,4,1,8,3,4,2,0,0
535,slide,1,7,2,3,1,9,1,3,2,0,0
536,slide,1,7,2,2,3,9,2,3,2,4,1
537,slide,1,8,3,2,1,6,3,4,2,0,0
538,slide,1,8,2,4,1,6,2,2,2,3,1
539,slide,1,8,2,3,1,7,1,1,3,5,1
540,slide,1,8,4,2,3,9,2,4,1,3,1
541,slide,1,8,4,2,3,4,4,2,1,0,1
542,slide,1,8,3,3,1,3,2,3,2,3,1
543,slide,1,8,2,3,3,5,1,1,2,3,0
544,slide,1,8,3,2,3,5,2,3,1,2,0
545,slide,1,1,2,3,1,8,1,4,3,5,0
546,slide,1,3,2,2,3,2,1,4,1,0,1
547,slide,1,8,3,3,1,3,1,2,2,0,1
548,slide,1,8,2,3,1,8,1,2,4,0,1
549,slide,1,8,3,3,3,9,3,1,3,5,0
550,slide,1,8,3,3,3,4,2,2,2,3,0
551,slide,1,7,1,1,1,10,1,1,1,4,1
552,slide,1,8,4,1,3,8,4,3,1,0,0
553,slide,1,3,2,2,1,3,1,3,2,3,0
554,slide,1,8,3,3,1,6,1,5,2,3,0
555,slide,1,7,2,4,3,8,2,2,2,4,1
556,slide,1,8,3,3,1,10,2,4,2,3,0
557,slide,1,8,2,3,1,4,2,1,2,0,0
558,slide,1,8,3,2,3,2,3,1,4,5,0
559,slide,1,8,4,2,3,7,4,1,4,6,0
560,slide,1,8,2,2,3,2,1,1,1,4,0
561,slide,1,1,2,3,1,8,1,4,2,2,0
562,slide,1,7,2,1,3,2,2,3,1,0,0
563,slide,1,1,1,3,1,3,1,2,2,0,0
564,slide,1,7,1,3,1,8,1,2,2,4,0
565,slide,1,7,2,3,3,5,2,2,1,0,0
566,nonslide,0,7,3,4,3,8,1,4,2,4,0
567,nonslide,0,7,3,2,3,9,1,5,1,0,0
568,nonslide,0,7,3,2,3,7,1,4,1,3,0
569,nonslide,0,7,3,3,1,6,1,5,2,5,1
570,nonslide,0,7,3,3,1,10,1,5,2,3,0
571,slide,1,8,4,3,1,9,3,2,2,0,0
572,slide,1,8,2,4,1,3,1,3,2,0,1
573,slide,1,8,6,3,1,6,5,2,2,4,1
574,slide,1,8,5,3,1,3,2,4,2,0,0
575,slide,1,8,2,2,3,7,1,2,1,4,0
576,slide,1,4,4,3,2,2,2,3,2,0,1
577,slide,1,8,4,2,1,9,3,1,5,0,0
578,slide,1,8,5,2,3,4,1,3,2,3,1
579,slide,1,8,3,2,1,5,1,4,2,0,0
580,slide,1,4,3,5,1,9,1,2,2,2,0
581,slide,1,4,4,2,3,8,4,1,1,0,0
582,slide,1,4,5,3,1,10,3,2,2,0,0
583,slide,1,8,4,2,1,3,3,2,1,3,0
584,slide,1,8,4,4,1,8,1,4,1,0,1
585,slide,1,8,4,2,1,9,2,2,4,6,0
586,slide,1,8,6,3,1,9,5,4,2,3,0
587,slide,1,8,5,3,1,9,4,3,2,0,1
588,slide,1,4,5,3,1,8,5,3,2,0,1
589,slide,1,8,6,2,1,9,4,5,2,0,1
590,slide,1,8,6,3,3,7,4,2,2,0,1
591,slide,1,8,4,4,3,8,3,2,2,4,0
592,slide,1,8,4,3,3,7,1,5,2,2,0
593,slide,1,8,3,5,1,7,1,1,4,4,2
594,slide,1,8,4,2,1,2,2,2,2,0,0
595,slide,1,8,4,3,1,9,3,1,2,0,0
596,slide,1,8,4,2,1,4,2,1,5,0,0
597,slide,1,8,3,2,1,8,2,2,3,5,0
598,slide,1,4,5,1,1,7,5,4,1,6,1
599,slide,1,8,2,3,1,4,2,1,2,4,1
600,slide,1,8,3,2,1,9,2,2,2,2,0
601,slide,1,8,4,3,1,5,3,3,2,1,1
602,slide,1,8,5,3,1,9,4,2,2,0,1
603,slide,1,4,4,2,1,10,3,2,3,6,0
604,slide,1,8,5,3,1,6,3,3,3,5,0
605,slide,1,8,4,2,3,3,2,3,1,0,1
606,slide,1,4,4,4,1,3,1,4,2,0,1
607,slide,1,8,3,2,3,2,2,3,1,0,1
608,slide,1,8,2,3,1,6,1,2,2,3,0
609,slide,1,4,5,2,1,6,3,3,1,0,1
610,slide,1,4,5,3,3,3,5,4,2,2,1
611,slide,1,4,4,3,1,8,4,1,2,2,0
612,slide,1,8,2,2,3,4,1,2,1,0,1
613,slide,1,8,4,3,3,3,4,2,1,0,0
614,slide,1,4,3,3,3,3,1,3,2,4,1
615,slide,1,8,3,3,3,7,1,1,2,5,1
616,slide,1,8,5,2,3,9,2,5,1,0,0
617,slide,1,4,4,4,1,7,1,2,2,0,0
618,slide,1,8,4,4,3,9,1,4,3,0,0
619,slide,1,8,4,2,3,3,3,4,2,5,1
620,slide,1,4,4,3,3,10,3,2,2,0,0
621,slide,1,8,4,3,3,4,2,1,2,0,1
622,slide,1,8,4,4,3,7,2,4,2,0,0
623,slide,1,8,2,3,3,5,1,3,1,0,0
624,slide,1,8,3,4,1,6,1,3,2,0,1
625,slide,1,4,5,3,1,9,5,2,3,0,1
626,slide,1,8,5,4,3,7,4,2,2,0,0
627,slide,1,8,5,4,1,7,3,5,2,0,1
628,slide,1,8,4,2,3,9,2,3,2,5,1
629,slide,1,8,2,2,3,5,1,2,1,0,1
630,slide,1,8,4,4,3,9,2,3,2,3,1
631,slide,1,8,6,4,1,7,4,5,3,0,1
632,slide,1,8,2,2,1,6,2,1,3,5,0
633,slide,1,8,4,3,3,2,2,1,1,0,1
634,slide,1,8,4,4,3,8,4,1,3,4,0
635,slide,1,8,5,3,3,9,3,2,2,0,0
636,slide,1,8,4,2,3,10,2,2,2,1,0
637,slide,1,8,3,3,1,4,1,2,2,0,0
638,slide,1,8,5,3,3,6,4,4,1,1,1
639,slide,1,4,4,3,1,5,2,1,2,0,1
640,slide,1,8,4,3,1,10,1,3,2,4,1
641,slide,1,8,2,3,1,9,1,4,2,0,1
642,slide,1,8,5,3,3,7,5,1,2,0,0
643,slide,1,8,3,3,1,3,2,1,3,5,2
644,slide,1,8,4,1,1,4,1,2,1,0,1
645,slide,1,8,4,3,1,10,3,1,1,0,0
646,slide,1,8,3,3,1,9,2,1,2,5,1
647,slide,1,8,4,1,3,7,3,3,1,0,1
648,slide,1,8,4,2,3,9,2,2,1,0,1
649,slide,1,8,4,3,1,7,3,2,4,5,2
650,slide,1,8,3,2,1,9,1,4,2,3,0
651,slide,1,8,5,3,1,4,3,4,2,0,1
652,slide,1,8,3,4,1,8,2,1,6,0,0
653,slide,1,8,4,2,3,5,3,3,1,3,0
654,slide,1,8,4,1,2,5,1,4,1,2,1
655,slide,1,3,3,2,1,6,1,5,1,2,1
656,slide,1,4,4,1,1,8,3,1,1,6,0
657,slide,1,8,3,3,3,7,1,3,2,3,2
658,slide,1,4,5,1,3,3,3,2,1,0,0
659,slide,1,8,3,3,1,8,1,2,2,3,0
660,slide,1,8,3,2,1,8,2,4,1,0,0
661,slide,1,4,4,4,3,10,4,1,3,4,0
662,slide,1,8,4,4,3,8,1,1,2,0,0
663,slide,1,4,4,3,1,8,3,2,2,3,0
664,slide,1,8,2,1,1,5,2,1,2,0,0
665,slide,1,8,5,4,1,5,4,4,2,2,0
666,slide,1,8,4,2,1,10,3,4,3,5,3
667,slide,1,8,4,3,2,7,1,2,2,3,0
668,slide,1,8,2,2,1,9,1,1,1,3,0
669,slide,1,8,4,3,1,4,4,2,2,0,0
670,slide,1,8,3,3,1,5,1,3,3,0,0
671,slide,1,8,5,3,1,3,4,2,2,5,0
672,slide,1,8,3,5,3,8,2,2,2,3,0
673,slide,1,8,6,2,1,7,5,4,2,0,1
674,slide,1,8,5,3,1,3,2,4,2,4,1
675,slide,1,8,3,2,3,6,2,1,1,4,0
676,slide,1,4,5,1,1,6,5,2,1,4,2
677,slide,1,8,3,3,3,8,1,3,2,0,0
678,slide,1,8,4,4,3,2,2,5,3,0,1
679,slide,1,8,6,3,3,9,5,5,2,3,2
680,slide,1,4,5,3,3,6,5,2,1,0,1
681,slide,1,4,5,2,3,4,5,2,1,0,0
682,slide,1,8,4,3,1,8,2,1,5,0,0
683,slide,1,8,3,1,1,9,1,4,2,0,0
684,slide,1,8,4,4,3,9,3,2,3,0,1
685,slide,1,8,5,3,3,9,4,3,1,0,0
686,slide,1,8,5,3,1,8,4,1,3,5,2
687,slide,1,8,3,4,1,8,2,1,5,0,3
688,slide,1,3,3,3,3,5,1,2,2,3,0
689,slide,1,8,2,2,2,9,1,3,1,4,1
690,slide,1,8,5,2,3,2,4,3,1,2,1
691,slide,1,8,4,4,1,7,1,2,2,3,0
692,slide,1,8,4,2,3,6,2,3,1,1,0
693,slide,1,8,2,4,3,4,1,1,2,0,0
694,slide,1,8,4,3,3,7,2,3,2,0,0
695,slide,1,4,5,3,3,3,4,4,3,4,2
696,slide,1,4,6,2,3,4,5,4,1,2,1
697,slide,1,4,4,3,3,4,3,2,1,3,0
698,slide,1,8,4,2,1,5,2,2,2,0,1
699,slide,1,8,4,3,3,7,3,1,1,0,0
700,slide,1,4,3,4,1,5,1,3,2,4,0
701,slide,1,8,4,3,3,6,4,1,2,0,0
702,slide,1,8,4,2,1,7,1,3,1,0,0
703,slide,1,8,4,3,3,8,3,4,2,3,2
704,slide,1,8,5,2,1,4,5,4,2,0,0
705,slide,1,8,5,3,1,9,4,1,2,0,1
706,slide,1,8,2,3,3,7,2,2,2,3,1
707,slide,1,8,4,2,3,4,2,1,1,2,0
708,slide,1,4,4,3,1,2,2,4,3,0,1
709,slide,1,4,3,2,3,3,1,3,1,0,1
710,slide,1,4,3,5,3,7,1,2,3,0,0
711,slide,1,8,5,4,3,8,3,5,1,0,1
712,slide,1,8,4,3,1,9,3,4,4,0,0
713,slide,1,8,2,4,2,3,1,1,2,0,0
714,slide,1,8,3,2,1,5,1,1,3,0,3
715,slide,1,8,4,3,1,3,4,1,3,0,2
716,slide,1,4,3,4,2,7,1,2,3,0,0
717,slide,1,8,4,3,3,4,3,3,1,2,1
718,slide,1,8,4,2,3,10,3,4,1,1,1
719,slide,1,8,3,2,3,4,1,5,1,0,0
720,slide,1,8,4,2,1,5,2,4,3,5,0
721,slide,1,8,2,4,3,4,1,1,2,2,0
722,slide,1,4,5,2,2,3,5,4,1,0,0
723,slide,1,8,5,2,1,9,3,4,1,4,0
724,slide,1,8,2,3,1,4,1,2,2,3,1
725,slide,1,8,5,4,3,5,5,3,2,0,0
726,slide,1,3,3,3,3,8,1,1,2,4,1
727,slide,1,8,2,3,1,5,1,2,2,5,1
728,slide,1,8,4,3,1,4,1,2,5,6,3
729,slide,1,8,5,2,1,4,4,2,2,4,0
730,slide,1,4,4,4,3,2,2,3,1,0,1
731,slide,1,8,3,3,3,8,2,1,2,3,0
732,slide,1,8,4,3,3,2,2,3,1,0,1
733,slide,1,8,2,4,2,8,1,2,2,0,1
734,slide,1,8,5,3,3,9,3,2,2,0,0
735,slide,1,8,5,2,1,4,3,5,1,0,1
736,slide,1,8,4,2,1,3,2,4,4,4,0
737,slide,1,4,4,3,2,8,2,5,1,2,1
738,slide,1,8,3,1,1,9,1,3,1,0,1
739,slide,1,8,3,3,1,2,2,1,3,4,0
740,slide,1,8,2,2,3,5,1,1,1,0,0
741,slide,1,8,5,2,1,7,3,4,2,6,0
742,slide,1,8,3,3,3,10,1,2,1,0,0
743,slide,1,8,4,3,3,9,2,4,2,0,1
744,slide,1,8,4,3,3,3,1,2,1,3,1
745,slide,1,8,4,3,2,2,2,2,3,5,0
746,slide,1,8,5,2,3,5,3,4,1,0,1
747,slide,1,8,3,3,3,9,3,1,2,2,1
748,slide,1,8,4,3,1,10,3,2,2,5,0
749,slide,1,8,5,4,1,8,3,2,2,0,1
750,slide,1,8,3,4,1,3,2,4,3,0,0
751,slide,1,8,4,4,1,9,3,2,3,4,0
752,slide,1,8,4,2,1,6,3,4,2,6,1
753,nonslide,0,8,3,3,1,5,1,1,2,0,1
754,nonslide,0,8,3,4,3,4,1,1,2,0,0
755,nonslide,0,4,3,3,1,4,1,1,2,4,0
756,nonslide,0,4,3,1,3,9,1,1,1,0,0
757,nonslide,0,7,3,2,3,6,1,4,1,0,0
758,nonslide,0,3,3,3,1,7,1,4,2,3,1
759,nonslide,0,8,3,4,1,4,1,5,2,0,1
760,nonslide,0,4,3,4,3,7,1,3,1,0,1
761,nonslide,0,8,3,3,1,8,1,4,2,0,0
762,nonslide,0,8,3,2,3,3,1,3,3,0,0
763,nonslide,0,4,3,3,3,3,1,3,2,0,0
764,nonslide,0,4,3,3,1,3,1,1,2,0,0
765,nonslide,0,4,3,2,1,7,1,2,1,3,0
766,nonslide,0,4,3,2,3,8,1,1,1,0,1
767,nonslide,0,4,3,2,2,7,1,2,1,3,1
768,nonslide,0,8,3,2,1,6,1,1,4,0,4
769,nonslide,0,8,3,2,1,8,1,2,1,4,1
770,nonslide,0,8,3,1,3,7,1,1,1,0,0
771,nonslide,0,8,3,3,1,6,1,3,2,3,0
772,nonslide,0,8,3,3,3,7,1,3,1,0,0
773,nonslide,0,8,3,4,1,10,1,1,2,2,1
774,nonslide,0,8,3,3,3,5,1,1,1,2,0
775,nonslide,0,8,3,3,1,4,1,5,2,0,0
776,nonslide,0,8,3,3,3,5,1,4,2,0,1
777,nonslide,0,8,3,3,1,3,1,1,2,4,0
778,nonslide,0,8,3,3,1,5,1,3,1,3,0
779,nonslide,0,8,3,3,1,4,1,1,2,4,1
780,nonslide,0,8,3,2,3,5,1,2,1,2,0
781,nonslide,0,8,3,1,2,5,1,2,1,0,0
782,nonslide,0,8,3,3,1,4,1,3,3,0,2
783,nonslide,0,8,3,2,1,4,1,1,5,6,0
784,nonslide,0,8,3,3,3,6,1,3,2,0,1
785,nonslide,0,8,3,3,1,3,1,1,1,2,1
786,nonslide,0,8,3,4,1,4,1,2,5,0,2
787,nonslide,0,8,3,3,1,5,1,2,3,0,2
788,nonslide,0,8,3,4,1,6,1,3,2,3,1
789,nonslide,0,8,3,2,3,4,1,5,1,3,0
790,nonslide,0,8,3,2,3,7,1,4,2,0,1
791,nonslide,0,8,3,2,1,4,1,5,2,0,2
792,nonslide,0,8,3,2,2,4,1,5,2,4,1
793,nonslide,0,8,3,3,3,6,1,2,3,6,1
794,nonslide,0,8,3,2,1,6,1,3,2,5,0
795,nonslide,0,8,3,1,1,5,1,1,3,0,0
796,nonslide,0,8,3,3,3,5,1,4,2,0,1
797,nonslide,0,8,3,3,3,6,1,3,2,0,1
798,nonslide,0,8,3,4,1,3,1,3,3,5,0
799,nonslide,0,8,3,3,3,3,1,1,1,1,1
800,nonslide,0,8,3,2,3,4,1,3,1,0,0
801,nonslide,0,8,3,3,3,5,1,4,2,0,1
802,nonslide,0,8,3,5,1,2,1,2,2,0,1
803,nonslide,0,8,3,4,1,5,1,2,3,4,2
804,nonslide,0,8,3,5,1,2,1,2,2,0,1
805,nonslide,0,8,3,2,3,5,1,1,1,3,0
806,nonslide,0,8,3,4,1,3,1,1,2,3,0
807,nonslide,0,8,3,3,3,3,1,1,3,6,0
808,nonslide,0,8,3,3,2,2,1,2,4,5,2
809,nonslide,0,8,3,3,1,5,1,1,2,0,1
810,nonslide,0,8,3,2,3,7,1,2,1,0,1
811,nonslide,0,8,3,4,3,3,1,4,2,3,1
812,nonslide,0,8,3,3,3,4,1,1,2,0,1
813,nonslide,0,8,3,1,1,6,1,2,1,4,0
814,nonslide,0,8,3,4,1,4,1,2,2,2,0
815,nonslide,0,8,3,4,3,3,1,3,1,0,1
816,nonslide,0,8,3,3,3,10,1,2,2,0,0
817,nonslide,0,8,3,3,1,4,1,1,2,2,1
818,nonslide,0,8,3,3,1,5,1,3,2,0,0
819,nonslide,0,8,3,2,3,5,1,2,1,0,1
820,nonslide,0,8,3,3,1,5,1,4,1,0,0
821,nonslide,0,8,3,2,3,7,1,1,1,3,0
822,nonslide,0,4,3,4,3,4,1,4,1,0,1
823,nonslide,0,8,3,4,2,7,1,1,2,1,1
824,nonslide,0,8,3,2,2,5,1,4,2,4,1
825,nonslide,0,8,3,3,3,4,1,2,2,4,1
826,nonslide,0,8,3,2,3,8,1,1,1,0,1
827,nonslide,0,8,3,2,3,7,1,1,1,0,0
828,nonslide,0,8,3,4,1,4,1,2,2,0,1
829,nonslide,0,4,3,2,2,6,1,3,1,2,1
830,nonslide,0,8,3,3,1,8,1,1,2,0,0
831,nonslide,0,4,3,4,1,2,1,1,2,3,1
832,nonslide,0,8,3,4,1,3,1,2,2,0,1
833,nonslide,0,4,3,4,1,6,1,3,2,0,1
834,nonslide,0,8,3,5,3,4,1,1,2,0,0
835,nonslide,0,8,3,2,3,6,1,4,2,0,0
836,nonslide,0,8,3,3,1,4,1,1,2,0,1
837,nonslide,0,4,3,3,1,9,1,3,2,0,1
838,nonslide,0,8,3,2,3,6,1,4,2,0,0
839,nonslide,0,4,3,3,2,4,1,4,2,0,0
840,nonslide,0,8,3,4,3,4,1,1,2,0,1
841,nonslide,0,4,3,3,1,3,1,5,3,5,2
842,nonslide,0,8,3,3,1,10,1,2,2,0,1
843,nonslide,0,8,3,3,1,4,1,2,2,3,0
844,nonslide,0,4,3,3,1,3,1,5,2,3,0
845,nonslide,0,8,3,2,3,6,1,2,1,0,1
846,nonslide,0,8,3,3,3,4,1,1,2,4,1
847,nonslide,0,4,3,4,3,7,1,3,2,5,0
848,nonslide,0,8,3,4,1,8,1,1,2,0,1
849,nonslide,0,8,3,3,3,5,1,1,2,5,1
850,nonslide,0,8,3,3,1,10,1,2,2,0,1
851,nonslide,0,8,3,4,1,4,1,3,2,2,1
852,nonslide,0,4,3,3,3,3,1,2,2,4,0
853,nonslide,0,8,3,4,2,5,1,1,2,4,0
854,nonslide,0,4,3,3,1,6,1,3,2,3,1
855,nonslide,0,4,3,4,3,7,1,3,2,5,0
856,nonslide,0,8,3,3,1,6,1,3,2,4,0
857,nonslide,0,8,3,2,1,8,1,2,1,0,1
858,nonslide,0,8,3,2,1,4,1,5,3,0,0
859,nonslide,0,8,3,2,1,10,1,4,2,4,2
860,nonslide,0,4,3,3,1,5,1,3,3,0,0
861,nonslide,0,8,3,4,1,5,1,5,4,0,2
862,nonslide,0,8,3,3,1,4,1,2,2,3,0
863,nonslide,0,4,3,4,1,6,1,3,3,4,0
864,nonslide,0,4,3,1,3,5,1,1,1,0,1
865,nonslide,0,4,3,3,1,6,1,3,2,3,1
866,nonslide,0,4,3,3,3,4,1,4,2,0,0
867,nonslide,0,8,3,3,3,6,1,1,2,0,0
868,nonslide,0,4,3,3,1,6,1,3,2,3,1
869,nonslide,0,4,3,4,3,5,1,3,2,1,1
870,nonslide,0,8,3,2,1,9,1,2,2,0,1
871,nonslide,0,4,3,3,1,3,1,1,2,0,1
872,nonslide,0,4,3,4,1,6,1,3,3,3,2
873,nonslide,0,8,3,4,1,5,1,5,4,0,2
874,nonslide,0,8,3,4,1,4,1,3,2,2,1
875,nonslide,0,4,3,4,1,6,1,3,2,0,1
876,nonslide,0,4,3,3,1,6,1,3,2,3,1
877,nonslide,0,4,3,4,3,7,1,3,2,5,0
878,nonslide,0,4,3,2,3,7,1,1,2,0,0
879,nonslide,0,4,3,3,1,3,1,1,3,0,0
880,nonslide,0,4,3,3,1,2,1,2,3,5,2
881,nonslide,0,8,3,4,2,3,1,2,2,3,1
882,nonslide,0,8,3,3,1,4,1,2,2,3,0
883,nonslide,0,4,3,2,3,4,1,2,1,0,1
884,nonslide,0,4,3,3,2,5,1,1,2,0,1
885,nonslide,0,4,3,2,3,6,1,1,1,0,1
886,nonslide,0,8,3,4,3,6,1,1,2,3,1
887,nonslide,0,8,3,3,3,6,1,1,2,0,0
888,nonslide,0,8,3,2,1,6,1,3,2,0,0
889,nonslide,0,8,3,3,1,7,1,3,2,0,0
890,nonslide,0,8,3,1,1,4,1,4,1,0,0
891,nonslide,0,8,3,2,2,7,1,2,1,2,0
892,nonslide,0,8,3,4,1,5,1,4,2,3,1
893,nonslide,0,8,3,4,3,3,1,4,2,3,1
894,nonslide,0,4,3,2,2,7,1,1,1,3,1
895,nonslide,0,8,3,2,3,5,1,4,2,5,1
896,nonslide,0,8,3,2,1,8,1,2,2,4,1
897,nonslide,0,8,3,2,3,7,1,1,1,0,0
898,nonslide,0,8,3,3,1,5,1,4,2,0,0
899,nonslide,0,4,3,1,1,7,1,1,1,0,0
900,nonslide,0,4,3,3,1,7,1,3,2,0,1
901,nonslide,0,4,3,1,3,7,1,1,1,4,1
902,nonslide,0,4,3,2,3,4,1,1,3,0,0
903,nonslide,0,4,3,2,2,7,1,1,1,0,1
904,nonslide,0,4,3,3,3,4,1,1,2,0,1
905,nonslide,0,4,3,1,1,8,1,2,2,5,0
906,nonslide,0,4,3,3,1,6,1,3,2,3,1
907,nonslide,0,4,3,2,1,7,1,2,2,0,0
908,nonslide,0,8,3,3,1,5,1,2,2,2,0
909,nonslide,0,8,3,2,1,2,1,2,1,3,1
910,nonslide,0,8,3,4,1,5,1,5,4,0,2
911,nonslide,0,8,3,3,1,5,1,3,3,0,0
912,nonslide,0,8,3,3,3,5,1,3,2,0,0
913,nonslide,0,8,3,2,3,6,1,3,2,3,0
914,nonslide,0,8,3,2,3,8,1,4,1,2,0
915,nonslide,0,4,3,4,1,4,1,1,3,4,2
916,nonslide,0,8,3,3,1,8,1,4,2,4,0
917,nonslide,0,8,3,2,3,6,1,3,1,0,1
918,nonslide,0,8,3,2,1,5,1,1,4,0,3
919,nonslide,0,4,3,3,1,6,1,1,2,0,0
920,nonslide,0,4,3,1,1,8,1,2,1,4,0
921,nonslide,0,4,3,2,3,7,1,2,3,0,3
922,nonslide,0,4,3,3,1,4,1,1,2,5,1
923,nonslide,0,4,3,4,1,3,1,2,3,4,0
924,nonslide,0,8,3,3,1,8,1,4,2,4,1
925,nonslide,0,4,3,3,2,4,1,1,2,3,1
926,nonslide,0,8,3,2,3,6,1,3,1,0,1
927,nonslide,0,8,3,2,1,6,1,3,2,2,0
928,slide,1,8,4,3,3,3,3,4,2,2,1
929,slide,1,8,2,3,1,6,2,1,2,0,1
930,slide,1,4,5,1,3,9,5,1,1,0,0
931,slide,1,8,3,3,1,6,3,2,2,0,0
932,slide,1,4,5,3,3,5,6,4,1,0,0
933,slide,1,8,4,3,1,3,3,4,3,5,1
934,slide,1,8,4,4,3,5,3,1,2,1,0
935,slide,1,8,4,3,1,3,5,5,2,2,1
936,slide,1,4,5,2,3,7,6,5,1,0,0
937,slide,1,8,4,2,2,3,5,4,1,2,0
938,slide,1,8,3,3,1,8,4,4,2,0,0
939,slide,1,8,3,2,1,8,4,2,4,5,4
940,slide,1,8,3,3,3,4,5,3,2,3,0
941,slide,1,8,2,2,1,3,2,2,2,4,0
942,slide,1,8,4,3,1,5,4,1,3,0,0
943,slide,1,8,3,3,3,9,5,1,2,3,0
944,slide,1,8,4,3,3,6,4,3,2,0,1
945,slide,1,8,5,2,2,5,6,4,1,0,0
946,slide,1,8,4,3,2,4,4,1,2,0,0
947,slide,1,8,3,3,3,3,4,4,2,2,0
948,slide,1,8,3,1,1,4,3,1,1,0,1
949,slide,1,8,4,3,3,7,5,5,2,3,1
950,slide,1,8,3,2,3,2,2,2,1,0,1
951,slide,1,8,3,3,1,10,4,2,2,0,1
952,slide,1,8,3,3,3,2,2,4,1,0,0
953,slide,1,8,3,4,3,6,4,1,3,3,1
954,slide,1,8,3,2,1,8,5,1,1,2,1
955,slide,1,8,4,4,3,6,5,1,2,2,1
956,slide,1,8,4,3,1,7,5,3,2,0,0
957,slide,1,8,4,4,3,10,5,1,2,5,1
958,slide,1,8,4,3,3,7,6,5,2,0,0
959,slide,1,8,3,4,3,4,5,2,1,0,0
960,slide,1,8,2,2,1,5,2,2,2,0,0
961,slide,1,8,2,2,1,2,3,2,2,4,2
962,slide,1,8,2,3,3,9,1,3,2,3,1
963,slide,1,3,3,3,3,8,4,5,2,2,1
964,slide,1,8,4,3,3,7,6,1,2,2,0
965,slide,1,8,4,3,3,3,5,4,3,0,2
966,slide,1,8,3,2,2,6,4,1,2,3,0
967,slide,1,8,3,1,2,5,1,1,1,0,0
968,slide,1,8,2,3,1,2,2,2,2,0,1
969,slide,1,8,4,2,3,8,5,3,1,3,1
970,slide,1,8,3,4,3,3,3,1,4,0,0
971,slide,1,8,3,2,1,4,3,3,3,0,0
972,slide,1,8,3,3,3,4,5,1,3,4,1
973,slide,1,8,4,4,3,10,5,3,2,0,1
974,slide,1,8,3,2,1,5,2,2,2,3,2
975,slide,1,8,3,4,2,6,3,2,3,0,0
976,slide,1,8,3,4,2,10,3,2,2,3,0
977,slide,1,8,2,2,3,8,2,4,1,0,1
978,slide,1,8,4,4,1,10,4,1,2,0,1
979,slide,1,8,4,4,1,10,4,3,2,3,0
980,slide,1,8,3,2,1,8,4,2,2,4,1
981,slide,1,8,2,2,3,4,2,1,1,0,0
982,slide,1,8,4,3,1,8,5,2,5,0,0
983,slide,1,8,2,5,1,4,2,1,4,3,0
984,slide,1,8,3,3,3,5,4,2,2,0,1
985,slide,1,8,3,3,3,7,5,1,1,0,1
986,slide,1,8,4,4,3,6,5,3,2,2,1
987,slide,1,8,2,2,1,9,3,1,2,0,0
988,slide,1,8,3,4,1,2,4,1,6,0,3
989,slide,1,8,2,3,2,5,4,1,3,5,0
990,slide,1,8,2,3,1,8,2,2,3,0,2
991,slide,1,8,3,4,3,8,4,2,2,2,0
992,slide,1,8,2,3,3,3,2,3,2,0,0
993,slide,1,8,4,2,1,6,6,4,1,0,1
994,slide,1,8,4,1,1,5,4,3,2,5,2
995,slide,1,8,2,1,3,9,1,1,1,0,0
996,slide,1,8,2,2,1,3,4,2,3,5,3
997,slide,1,8,3,3,1,4,4,3,3,0,0
998,slide,1,8,3,3,1,6,2,3,2,2,0
999,slide,1,8,4,2,1,7,6,2,3,5,0
1000,slide,1,8,4,3,3,5,5,2,2,0,0
1001,slide,1,8,4,3,1,10,4,2,2,5,1
1002,slide,1,8,4,3,3,9,5,1,2,0,0
1003,slide,1,8,4,3,3,7,4,5,2,1,0
1004,slide,1,8,4,3,1,5,4,1,3,4,2
1005,slide,1,8,3,4,3,4,4,2,1,0,1
1006,slide,1,8,4,4,1,9,3,3,2,2,1
1007,slide,1,8,5,3,3,7,5,3,2,0,1
1008,slide,1,8,4,2,1,6,6,3,2,4,0
1009,slide,1,8,3,2,1,2,4,3,1,1,0
1010,slide,1,8,3,2,2,4,5,3,1,2,0
1011,slide,1,8,5,4,1,5,4,4,2,0,1
1012,slide,1,8,5,4,3,6,5,4,2,0,1
1013,slide,1,5,5,3,3,5,6,2,1,3,0
1014,slide,1,8,5,4,3,2,5,1,1,0,0
1015,slide,1,8,4,2,3,8,4,1,2,3,0
1016,slide,1,8,5,2,3,4,6,4,1,3,0
1017,slide,1,8,4,3,3,7,4,2,1,2,1
1018,slide,1,8,3,2,1,2,5,1,1,0,0
1019,slide,1,5,4,2,3,4,5,3,1,3,1
1020,slide,1,8,3,2,3,4,3,1,1,0,0
1021,slide,1,8,3,3,3,7,4,2,1,3,0
1022,slide,1,8,4,3,3,6,6,1,1,2,0
1023,slide,1,8,5,2,1,6,4,2,3,5,0
1024,slide,1,8,3,3,2,5,3,2,2,0,0
1025,slide,1,8,4,4,3,6,5,1,2,0,0
1026,slide,1,5,4,2,3,5,5,3,1,0,1
1027,slide,1,8,3,4,3,5,5,1,2,0,1
1028,slide,1,5,4,3,3,9,5,2,2,0,0
1029,slide,1,8,4,2,3,7,5,2,2,1,0
1030,slide,1,8,4,3,2,6,6,3,2,5,0
1031,slide,1,5,4,4,3,4,2,2,2,0,1
1032,slide,1,8,5,3,3,5,5,1,2,3,1
1033,slide,1,8,4,2,1,5,5,3,2,0,0
1034,slide,1,5,4,2,3,4,5,2,1,2,1
1035,slide,1,8,5,0,1,0,6,5,0,0,0
1036,slide,1,8,4,4,1,6,5,1,2,2,0
1037,slide,1,8,3,1,2,4,4,2,2,5,3
1038,slide,1,8,5,2,1,7,3,1,2,0,0
1039,slide,1,8,4,2,3,6,5,3,1,3,1
1040,slide,1,8,5,3,3,5,6,3,1,0,1
1041,slide,1,8,5,2,2,6,5,3,1,3,1
1042,slide,1,8,5,2,3,4,5,5,1,0,1
1043,slide,1,8,5,2,1,6,5,3,2,0,0
1044,slide,1,8,4,3,3,4,5,1,1,2,1
1045,slide,1,8,5,3,1,7,6,4,2,0,1
1046,slide,1,5,4,2,1,8,5,3,1,0,0
1047,slide,1,8,5,4,3,9,5,2,2,0,0
1048,slide,1,8,4,2,1,7,4,1,1,0,1
1049,slide,1,8,3,2,3,8,4,3,1,2,0
1050,slide,1,8,4,3,3,7,6,1,1,0,0
1051,slide,1,8,5,3,1,3,3,5,2,5,0
1052,slide,1,8,3,4,1,7,4,1,2,5,1
1053,slide,1,8,4,3,1,7,5,4,2,5,0
1054,slide,1,8,4,3,2,4,4,4,1,0,1
1055,slide,1,8,5,2,1,6,5,3,1,4,0
1056,slide,1,8,5,3,3,3,3,4,2,4,1
1057,slide,1,8,3,4,3,7,5,2,1,0,0
1058,slide,1,8,4,3,1,6,4,3,3,0,0
1059,slide,1,8,3,2,1,7,4,2,2,5,0
1060,slide,1,8,4,3,2,5,4,4,1,0,0
1061,slide,1,8,5,1,1,7,4,4,1,0,0
1062,slide,1,8,5,3,1,8,6,3,2,3,0
1063,slide,1,8,5,3,2,6,6,5,2,0,1
1064,slide,1,8,5,3,3,8,6,3,3,0,1
1065,slide,1,8,5,3,3,4,5,3,2,0,1
1066,slide,1,8,4,3,3,4,5,3,2,0,0
1067,slide,1,8,4,3,3,7,4,1,1,0,1
1068,slide,1,5,4,4,1,5,3,1,2,0,0
1069,slide,1,8,5,2,1,6,4,2,3,6,0
1070,slide,1,8,4,3,1,4,5,3,2,0,0
1071,slide,1,5,4,4,3,3,4,3,2,0,1
1072,slide,1,8,5,4,3,9,6,1,2,1,1
1073,slide,1,8,5,3,1,4,6,2,2,5,0
1074,slide,1,8,5,3,3,6,6,1,2,3,1
1075,slide,1,5,5,2,1,6,4,5,1,2,0
1076,slide,1,8,5,2,1,6,5,4,1,0,1
1077,slide,1,8,4,1,1,3,5,3,1,0,0
1078,slide,1,8,5,5,1,8,5,2,2,0,0
1079,slide,1,8,5,4,1,9,5,1,2,2,1
1080,slide,1,8,4,2,1,5,5,2,2,0,0
1081,slide,1,8,5,3,1,9,4,4,2,3,1
1082,slide,1,8,4,4,1,10,5,2,3,4,0
1083,slide,1,8,4,1,1,5,5,2,1,0,0
1084,slide,1,8,5,2,3,8,6,3,1,0,0
1085,slide,1,8,4,4,1,8,5,2,2,0,0
1086,slide,1,8,5,3,1,8,6,1,2,3,0
1087,slide,1,8,5,4,1,2,6,1,2,4,1
1088,slide,1,5,5,2,1,5,6,4,1,1,0
1089,slide,1,8,3,4,1,2,4,1,2,0,1
1090,slide,1,8,5,2,3,6,6,4,1,0,0
1091,slide,1,8,5,4,3,5,6,4,2,2,1
1092,slide,1,8,3,3,3,10,4,2,2,0,0
1093,slide,1,8,5,4,3,4,5,3,1,0,1
1094,slide,1,8,5,2,3,5,6,1,1,3,1
1095,slide,1,8,4,3,1,10,4,1,2,3,0
1096,slide,1,8,5,2,1,3,6,2,1,4,0
1097,slide,1,8,5,3,1,2,6,3,3,0,0
1098,slide,1,8,5,4,3,4,5,3,4,5,0
1099,slide,1,8,5,2,3,7,5,3,2,0,2
1100,slide,1,8,4,2,3,4,4,1,1,1,0
1101,slide,1,8,4,2,3,7,4,1,1,0,1
1102,slide,1,5,3,2,1,9,5,1,2,3,0
1103,slide,1,8,4,2,3,6,5,5,1,0,1
1104,slide,1,8,4,3,1,2,3,2,2,0,0
1105,slide,1,5,3,3,2,9,1,2,2,0,0
1106,slide,1,8,4,4,3,3,2,1,2,0,0
1107,slide,1,5,4,3,1,3,1,2,2,3,0
1108,slide,1,8,5,4,3,4,3,3,3,4,0
1109,slide,1,8,5,3,3,4,3,3,2,3,0
1110,slide,1,8,4,4,1,5,2,3,2,2,0
1111,slide,1,8,4,2,1,3,2,4,2,0,0
1112,slide,1,8,5,3,1,8,4,1,2,0,1
1113,slide,1,8,4,2,3,3,2,2,1,0,1
1114,slide,1,5,3,4,2,6,1,1,2,0,1
1115,slide,1,8,5,3,3,7,2,4,1,0,1
1116,slide,1,8,4,2,1,5,2,4,2,5,0
1117,slide,1,8,3,3,1,6,1,1,2,0,1
1118,slide,1,8,5,3,3,8,2,2,1,0,0
1119,slide,1,8,5,4,1,6,2,3,2,3,1
1120,slide,1,5,4,3,3,5,1,1,2,3,0
1121,slide,1,5,4,1,1,8,1,3,1,5,1
1122,slide,1,5,6,2,1,4,3,3,2,0,1
1123,slide,1,5,5,2,3,8,2,2,3,5,0
1124,slide,1,8,4,3,3,6,1,3,2,3,0
1125,slide,1,8,4,4,1,10,2,1,4,2,2
1126,slide,1,8,5,3,1,2,3,3,2,3,0
1127,slide,1,8,5,2,3,10,2,3,1,2,0
1128,slide,1,8,4,3,1,8,2,2,2,0,1
1129,slide,1,8,5,3,1,5,2,2,2,0,1
1130,slide,1,8,5,1,3,6,4,4,1,0,1
1131,slide,1,8,5,2,1,3,3,2,1,2,0
1132,slide,1,8,5,2,1,9,2,4,1,0,0
1133,slide,1,8,4,3,3,9,2,1,1,4,1
1134,slide,1,5,5,3,1,10,2,4,4,6,2
1135,slide,1,8,4,1,3,7,1,3,1,0,1
1136,slide,1,8,5,4,1,6,2,4,2,3,1
1137,slide,1,5,4,3,3,4,1,2,2,3,0
1138,slide,1,5,3,3,1,8,1,1,2,0,0
1139,slide,1,5,4,4,3,10,2,3,2,4,0
1140,slide,1,5,5,2,1,9,1,5,2,4,0
1141,slide,1,8,4,2,1,5,1,2,2,3,1
1142,slide,1,8,4,3,1,9,1,2,5,6,1
1143,slide,1,8,3,3,2,10,1,1,3,6,1
1144,slide,1,8,4,2,3,5,1,1,2,0,0
1145,slide,1,8,4,3,3,2,1,2,2,0,0
1146,slide,1,8,5,3,3,5,3,5,1,4,1
1147,slide,1,8,4,3,3,4,2,1,4,5,0
1148,slide,1,8,4,2,3,6,3,2,1,3,0
1149,slide,1,8,4,1,3,4,3,4,1,0,1
1150,slide,1,5,6,3,1,2,4,1,1,0,1
1151,slide,1,8,4,2,3,3,2,1,1,0,1
1152,slide,1,8,3,2,1,2,2,1,2,5,0
1153,slide,1,8,5,2,1,5,2,4,1,3,0
1154,slide,1,5,4,3,3,3,1,3,2,0,0
1155,slide,1,8,5,3,3,3,4,1,2,3,1
1156,slide,1,5,4,3,3,4,2,1,2,1,0
1157,slide,1,5,4,2,1,3,1,3,2,4,0
1158,slide,1,5,5,3,3,8,2,2,1,0,1
1159,slide,1,8,5,4,1,9,3,2,3,0,1
1160,slide,1,8,4,3,1,9,1,3,3,0,1
1161,slide,1,5,3,3,3,4,1,1,3,5,1
1162,slide,1,8,4,3,1,8,2,1,3,4,0
1163,slide,1,8,4,3,1,6,2,4,1,4,1
1164,slide,1,8,3,1,1,4,1,1,1,0,1
1165,slide,1,8,4,1,3,8,2,1,1,0,0
1166,slide,1,8,5,4,1,9,2,3,2,2,1
1167,slide,1,5,4,2,2,5,2,5,1,2,0
1168,slide,1,8,4,3,3,7,2,2,1,0,1
1169,slide,1,8,5,2,3,7,3,3,1,1,0
1170,slide,1,8,5,3,1,8,2,5,2,0,0
1171,slide,1,8,5,1,3,7,3,2,1,0,0
1172,slide,1,8,5,4,3,9,2,4,2,0,0
1173,slide,1,8,5,2,1,4,3,3,1,0,0
1174,slide,1,8,4,2,3,3,2,3,1,0,1
1175,slide,1,8,5,3,1,2,3,1,6,6,0
1176,slide,1,5,5,3,1,4,2,4,3,0,2
1177,slide,1,8,5,4,3,8,2,5,3,0,1
1178,slide,1,8,4,4,1,7,3,2,3,4,0
1179,slide,1,8,4,4,3,8,2,4,3,0,1
1180,slide,1,8,5,3,3,9,3,5,2,3,1
1181,slide,1,8,4,3,1,7,4,1,3,5,1
1182,slide,1,5,3,3,1,9,1,3,2,0,1
1183,slide,1,8,5,3,1,8,2,4,2,5,0
1184,slide,1,8,6,2,1,9,3,2,1,0,1
1185,slide,1,8,5,2,1,9,2,1,5,0,0
1186,slide,1,8,5,4,1,2,3,5,2,3,0
1187,slide,1,5,5,3,1,8,2,3,3,0,0
1188,slide,1,8,4,2,3,6,2,2,1,3,1
1189,slide,1,5,4,2,3,3,1,3,1,0,1
1190,slide,1,8,5,3,1,6,4,2,3,0,1
1191,slide,1,8,5,4,3,5,3,3,1,0,0
1192,slide,1,8,5,3,1,7,2,3,1,0,0
1193,slide,1,5,4,3,1,2,1,2,3,0,0
1194,slide,1,8,5,2,1,9,2,2,2,0,1
1195,slide,1,5,5,3,1,8,3,1,2,5,0
1196,slide,1,5,5,4,1,10,2,4,2,0,1
1197,slide,1,8,5,3,1,7,3,3,2,0,1
1198,slide,1,8,5,1,3,5,3,3,1,0,1
1199,slide,1,5,4,3,3,10,1,4,3,0,2
1200,slide,1,8,4,2,3,3,2,1,1,0,1
1201,slide,1,8,5,2,3,2,3,4,3,5,2
1202,slide,1,5,4,3,3,5,2,1,2,5,0
1203,slide,1,8,4,2,3,6,3,2,1,0,1
1204,slide,1,5,3,3,2,6,1,1,2,4,1
1205,slide,1,8,4,3,3,4,2,1,1,1,0
1206,slide,1,8,4,2,2,9,1,1,2,2,2
1207,slide,1,5,5,3,3,3,2,3,1,2,0
1208,slide,1,8,5,2,3,9,3,3,3,4,0
1209,slide,1,5,4,3,1,6,1,3,3,0,1
1210,slide,1,8,6,4,1,9,3,2,3,4,0
1211,slide,1,5,4,2,3,10,1,4,1,0,0
1212,slide,1,5,6,2,3,8,4,2,1,0,1
1213,nonslide,0,8,3,2,1,8,1,1,2,3,0
1214,nonslide,0,8,3,2,1,9,1,2,1,0,0
1215,slide,1,5,4,2,1,9,1,1,2,3,0
1216,slide,1,5,4,2,1,7,1,1,2,5,1
1217,slide,1,5,4,2,2,8,1,1,2,1,0
1218,slide,1,5,5,3,2,8,1,5,2,4,0
1219,slide,1,5,4,2,3,7,1,2,1,0,0
1220,slide,1,5,3,3,1,8,1,1,3,0,0
